7.1830875766341755,1.131042403725631,49.86749440787363,116.583386861957,-4.152123317469409,187.16378835472727,36.301867797261515
14.08607933614846,2.847206784387188,-131.57893046495948,-375.54780713431313,7.054301714317202,-455.45512617111154,-57.28626045310436
-27.37881070099807,-4.1262800644381326,146.04628250244335,355.4118964178011,16.71863307508019,496.3648310908341,58.19644593337836
31.082308614268445,2.883232982790794,-91.2990891657417,-140.22901492982686,1.848795640241231,-149.25765403350778,-33.01641384373387
26.6307786419938,10.456927977247613,-40.73170750830137,-45.40182579595427,16.51283391391166,-62.405210476967895,-10.734981069804302
67.69533531979353,-1.055504733416325,212.7525263642793,372.69693971505586,-16.68180843730424,364.09349744354046,93.9628667839143
53.39625361716647,8.331065641331657,112.65140324484555,159.30875271816802,-14.61510894091482,142.31800451051106,60.87326628355648
54.96964394394544,8.859689862737632,-32.29442184993214,-43.79333842632339,25.619658351146768,-70.36475349703201,-28.54711351372163
-15.600659616441519,-11.007424099244165,-87.85628216031459,-135.5805672462407,14.303804137358497,-130.7699222999559,-20.6118596253968
27.714918562348387,-6.76722144992586,-23.973833638046845,-54.62619349160257,-7.005442893687469,-47.83530046266195,-7.212513161547474
35.68332758877141,2.9210431902958707,-118.01779797484537,-187.57831074238675,-25.30666588102903,-192.42643657697565,-50.6043866582262
46.88728723099189,1.1623094400955907,54.71375811975099,-55.5484901677672,-2.0553211691409174,-140.9175933291484,12.293990334177888
8.79613114870506,1.4319385412988035,-93.82775638063777,83.64812598553593,-3.0012431696617963,162.89807667186906,-51.71772900176563
61.82730657651389,-4.02482294579532,106.41160940872976,223.6837927736657,-33.72834352058981,273.40145231765644,48.82142155187009
54.7231488643425,-3.685024397968471,149.96724101279392,325.81568531406816,-47.03244593291908,404.4409947315254,46.776323011021844
34.844715401902725,6.696244530427854,-46.10230063575305,-51.011272217771364,-33.78036208790042,-90.82868067914472,-31.910279051694527
16.6378608212837,-17.989914386229437,-83.4144692366423,-202.05878022796497,7.1823988006289134,-250.6934154924645,-33.236289187055235
26.618380044222917,-12.07752896312275,38.69255370699819,163.5372957420334,-39.46692979768301,175.5783984561554,7.781878311252655
40.945768041638615,-10.988591819384267,74.87791725151459,62.04760490438054,-11.378851503406231,68.65766827534038,20.329086806780694
64.19803517477648,17.632042866956358,-46.05496343105253,-61.67601986437621,-36.96100697734305,-161.10386769354614,-20.312938454269954
36.85992210972846,-1.4765634711515039,23.125627992137694,82.65619908215392,2.1874192161948094,118.83655721285359,19.527058235258018
27.534204136679595,-11.118927681553387,128.84575761281658,315.61853394797004,11.381622463356441,377.37131776162124,38.67250202272964
57.401344475822015,3.813339956860701,-74.39304164040817,-292.77230312959597,-18.44259976805686,-265.505816245093,-48.32015885215536
43.66361304947424,4.107992109006432,-78.78603381795689,-172.91763898650277,-7.039106182703604,-205.40062803401375,-32.03095905285336
5.7928844604301,5.211852856812923,-39.441059960088076,-99.73451697332658,39.07584926865233,-129.0955395402249,-30.976576007391017
44.47904950146096,9.420719413782887,-108.20847001153933,-240.57742197066688,2.278488621992783,-159.59509381086033,-41.07141251251667
34.67138224509394,10.457328848187789,-16.705060323418675,38.19853335698121,28.51269841326479,34.04265284721043,-8.670238187369343
23.733841646633273,-1.5357356861190037,-180.77100873228335,-359.56770473308814,19.053886799790057,-445.08836249277374,-81.40297256086227
43.75842944283455,7.234944884050835,140.2082668651605,347.1943578152281,-43.83876737537877,425.1303202790103,36.6477794554676
-8.127073985594615,-1.5537665255783142,-50.89012978821695,-81.75189821200138,-5.804731716569378,-100.58462267049653,-16.509339367776214
60.066572347383904,-4.128539679183883,80.18709560925208,56.065831929130724,2.8154008802061767,85.09453442238078,38.12516888305197
46.33925848737736,-5.220351301582018,59.48545534421035,-14.670786166604053,12.12477679113496,39.52375326760072,49.35197662526702
30.6436522996713,-6.802423397441652,-119.58832889144014,-325.10080655988605,30.673693346828898,-458.517108763068,-40.98923194303383
23.983118156083098,-9.157566403622225,-41.08234578056314,-66.91390204350834,32.69810323839033,-97.98840043988564,13.7000385927788
34.74915379813215,12.44226515110993,-33.41151279712129,-87.88320268332541,8.790162172994926,-122.61643760662633,-6.689884437616197
30.397680751973766,1.276017536432732,-72.54945690355896,-154.43955572498336,22.601275170035976,-196.63128602507305,-32.6934923780331
47.06169597628174,5.176691481153985,14.787114707615068,115.73927107147998,18.115188995030103,177.66902501378246,0.06660364795241236
-3.8022257397075734,-5.868255952826878,-242.0289274086995,-444.55181562836896,-18.775519245598296,-503.77016972915635,-123.4443992668588
42.11061346103698,-12.120930831122916,-15.345656878784634,-1.835529808469353,25.38830208637143,-40.57030920023853,1.7103373511351272
35.38277152688072,-4.995868132185106,-51.07413141610673,-60.86464274381864,39.09910088382877,-88.22343619810934,-23.836990848491446
54.43833763923185,-9.850842796087957,-11.680142051406769,7.757538133534869,-32.19405695199167,17.679118512758937,-13.095294930531853
58.90467605080432,7.369558212603435,-55.91908557603946,-161.6321002599896,0.9459761695685978,-208.19199251869148,-15.149642760237118
63.87117201761846,-1.8964851419107327,108.04165005293687,73.10125151183121,-32.4441852127006,14.901116358967403,59.13844299864079
13.702815193180577,-21.780300358574056,72.59051130680263,26.921772501919996,-2.8309904478898265,58.43431383970582,34.198684312458646
98.35787601932373,7.856054116999388,-81.73718002180144,-201.92183487784948,10.675963266782446,-227.24879204514275,-34.706636546388836
51.62445572068397,7.323732971486509,133.40650173795376,322.5753932010743,3.874698439555387,384.7028207785596,65.10594208815056
45.88623206134495,-2.1040201299759804,-65.01046479377989,-126.9496573284456,8.946002556713216,-42.16923746100946,-26.517816799653808
42.53177566059959,13.757273542861412,28.5445840998433,96.54620871752951,-20.493459951492593,75.72746768398366,5.953776535982943
37.886501897207545,15.992585363792859,68.26147576486362,88.05236656189705,5.3789175339053,137.3042760847265,47.58842456328294
60.24421696646856,-3.4587824169010375,-92.20463984443981,-262.74318697804273,9.111872367492495,-370.32668238218264,-31.81432476193624
69.04843525285706,-4.5248382169837775,72.69892024159842,131.8319347670016,-11.280471954636628,166.10132193329855,31.44375792991649
55.70464936780574,4.768412001710574,86.56825237975951,83.83546216356173,-24.28630365599844,99.79040224306067,46.995350729805985
37.35624953623982,-1.378882295309308,-76.41081696861951,-100.22320362874648,-3.5064875501724515,-142.02594126375706,-36.68371975771301
45.27666667331116,11.57016468336246,-13.994166527686588,-156.51558489676586,0.6065461753939738,-169.35982400744228,6.6275270328874925
50.85042567868356,11.916386016405307,116.75796740577839,263.89800255727226,18.20364507223809,304.712216079861,43.63808283059934
19.428019046454473,3.3039272289521135,-130.99551148513243,-227.7933333425852,-5.6310923407130655,-308.5758171680775,-45.500899967754194
77.79468170361272,2.493092971091006,83.88752985577506,19.426470151040476,-16.411279043722402,-42.140265677181866,63.112154552058534
57.59888713712676,-4.28263151941227,19.721989839915913,58.20619736340847,-34.5458618689488,109.6573556024216,4.1443289427123275
62.08141105773469,-6.347884993589126,107.16563212525011,231.58801342929578,-49.08856451586598,303.87746560868175,27.00470051685278
68.35837746418593,-3.371263482767782,-72.91254603788433,-177.41736215705072,-10.218572239927742,-234.33971319531958,-21.836785339968134
76.68638547376656,-1.2296431319339356,-80.51814622609405,-188.20996073967143,-10.788984236546508,-252.16806382698522,-49.68636935401838
42.08403985480365,-2.9327135760810137,150.79728918917513,395.1796940461438,-14.942675891729296,465.2261097447874,48.74398877379171
103.06110491418036,-3.8219609545557187,78.54761637064999,174.74722297943225,5.979504111185875,190.40094458878664,23.167766464327055
59.808298051442975,-22.447629714584608,-33.59613781607206,-172.70360562435795,-1.5392565170949397,-218.2665663147176,-0.3114200730958139
75.87935898642831,-12.456968341690134,-103.90397147272967,-236.11134062010433,-39.19623323635776,-150.11527769066555,-50.551294772127605
64.11241873905482,1.583368101408607,-46.76426135611365,-109.59114796081911,-29.49043572921342,-105.51299612483464,-16.98438137796021
71.28107695812385,27.136795494248684,81.51117997552416,166.1511958690354,4.724026488119212,224.17146284001709,46.08260173648571
72.40893865458193,2.0281809734879888,17.865593460908446,-27.564120494394363,-9.793649294229624,-54.23395220236496,15.119641973193595
105.7635554474794,9.744518902671167,-61.25679072318532,-303.04801746279264,4.152043874595686,-322.94731869892956,-5.093592895599745
91.51327296437124,-1.9963457577537933,-96.90915928173283,-157.01941422739947,4.721699893670425,-138.45223132281646,-53.66056002499287
93.73460433505068,-8.743423233185553,-83.15319459878403,3.647068724577096,-32.69384466027779,76.75967572502444,-38.54119288427825
111.88708652311782,-4.815309904322717,-136.56076222462454,-104.46979045868338,-28.939533403148,-108.39434331666448,-75.96815472326048
104.22920350022584,-17.144768163524514,-138.6038482994456,-164.19026863920823,-27.165429800056224,-274.4979619681342,-40.02213356711914
111.84078952413003,-1.4351151468626808,-87.18681484249922,-82.09612986470603,7.512449435424521,-145.67712736810464,-53.63125273883941
98.68918005416819,-7.921535846706997,7.768178817912922,-94.05056294015111,-6.476864928903078,-126.78906916057106,36.3205511544118
104.7706092455519,3.943600527321185,7.005144037175452,81.28491573019538,-21.824462147892806,101.71546614727853,-28.252863205302514
117.07713791498742,1.8903481032687006,114.96890949636015,296.99823013952243,-79.42906989835708,289.7490090325915,51.90957586664879
99.68051571222459,-13.655057570271039,-45.760921136206456,-34.18003168166317,-6.307013472197198,-8.228601867465969,-35.649554924022105
125.34383462449495,-7.845221455509559,250.87449156152573,414.69873557975495,-5.664487269365976,344.7214699798806,102.33804720657379
127.69673826030638,-10.13690184665725,-90.78243657594247,-442.5570303987714,-44.21018120719772,-442.23529593269143,-38.93415817898261
154.02021060335005,-5.848926205232656,-50.71962754382709,-100.56939839155899,-19.106712126949493,-220.0941333862616,-36.6637624884536
121.42938667833566,-15.033476431218926,118.67864002234052,146.91367924035688,-19.388675700824457,83.33349307094727,65.41633291382576
142.15146034723043,-1.6846717630885755,-37.96204697382733,-24.392121703487078,-20.293989597484476,-36.069461198917644,-23.94118312133431
145.32878799232196,4.821549527724011,-151.77807046976574,-296.04714425646154,-16.35675031040227,-311.30801527667893,-63.87269644615445
139.06345008506727,-12.699242233811264,-30.767064669967596,-37.08524640281265,-16.05800512257619,-65.62805018676121,-26.51466002143721
137.76385212202226,4.674201549624516,-87.68539342937088,-215.3564598006752,-42.5991954281326,-287.3139346871167,-19.824424616576852
133.29257946326348,-17.239133137423664,71.86627003343827,96.96386234765431,-9.618175589695861,204.69779081480073,57.62082188809359
115.8198163705913,-4.088216003281632,105.29506047238792,127.42941600411007,-35.608398887058925,205.19440880493175,52.826740391953564
138.4919107652294,15.123667927085737,4.117294402139475,166.1917189823003,-13.52481546434491,190.77110961057681,11.554860291496102
152.65867502320722,-3.488447113366356,-49.61783213265347,-10.6316813368923,-9.22443657646959,-34.8012146883625,-6.984857113989662
136.40339375566518,-2.8132855243567096,81.01288941053666,168.92905897073487,-12.804993975540052,122.62740389916704,35.89709895142069
135.23551224990265,5.3058091909006375,-64.08175508544333,-131.35948495466286,-17.865515872448857,-160.30404570541725,-32.02781565279089
150.1094069527363,-12.1116214466812,-19.56657364770018,-51.93926760234115,-32.23812167047163,-3.6854441128775477,2.447856992338071
149.1349165301322,13.487767007991367,-37.90165010584267,134.5288324345551,-25.874986711040506,-7.295085693836931,-23.56031026522487
159.25336189123638,-16.800764115537312,-95.62688451127954,-436.6020597958875,-20.042625186523274,-479.1602629072633,-35.081764603484
151.78783596916946,1.8649506657584294,95.67788214188688,98.815667070451,-60.979858662972816,33.218917402344516,11.603869503074016
146.55963925974172,-4.3048602761479575,41.88654554284632,-47.702171801378135,-4.797845094862978,-75.38613979898301,13.14896301204405
153.8861842104693,-6.875528812861926,-163.86920901726444,-59.04072933976544,-26.922037216932637,-44.64042094410867,-102.41244071174106
152.71044029662187,-0.7576190741843778,48.3606584516627,124.18966369662775,-33.39010945512715,111.11782504169551,29.937575671690198
169.8430202817142,-8.32140911896282,-7.5132458935534,-61.040390282263154,-21.61134683262246,-158.9920137327394,-30.1221730378054
156.808744579849,-5.157911335605496,-37.13246640680843,-80.97467410733694,-23.288758131404443,-102.58048948665885,-20.376859024273667
158.95421075131497,-5.968778922213264,-35.81905117524541,-259.30075261968443,-83.13059680584719,-442.5205564576484,-4.285127306591363
171.81184536055972,-7.24277651018403,26.44805902917162,-40.18870104884887,-26.039141433106387,-17.405181549279295,19.41492978373425
176.8668813879711,6.290428815427552,-92.66179151689036,-159.41547623427033,2.914992701634348,-9.841507389796174,3.995677572066203
151.41596677757138,-26.525069530017273,-130.98323493573318,-104.31095182964482,-22.752657256956127,-134.69897846105636,-65.44759892715967
163.64010393380383,-6.641584513853056,121.65124324762245,269.10958580984584,1.1199377928684806,326.5190496875791,53.58961833338283
175.52437835283808,-15.538597058147335,76.53718287339296,22.97396390820162,-16.32334798145805,-161.4702671247636,33.35396828828552
166.06658753673184,-4.322738915754067,-118.54725885738213,237.70838621411934,-31.31720731373639,360.18107400528356,-50.361268164178526
177.43141098361292,2.5200458449723455,43.33485523141389,174.25033340381376,-45.998515057394954,244.80111110207756,44.34002087968514
176.17884706208974,6.732712821762733,-17.938149299956383,-22.55044554102524,-6.416641521246905,54.18803503809406,-5.5918743280258845
169.92376781934883,-0.4564496710202791,59.688184057482545,0.9545592732029675,-15.677339416159857,-90.3530060982316,34.13128448297442
182.03280020673608,6.145305620189247,-4.089295177411849,-237.09441856664125,-31.936265733234666,-360.0382236126796,-12.784346168426275
176.20046602050894,-13.567248289109676,6.9280227788848165,-90.02801289912375,-42.2523477176741,-102.31743505618729,29.04728535917389
182.15691641143144,-12.71864436369662,25.22905195658788,181.38059041603594,-22.818378002368743,159.52903381319942,7.956718364277034
183.451128606358,-7.880777847094933,135.2569704834772,194.51363192082295,-22.345303739193085,276.96588568399966,75.59069355596027
176.3829425722738,-9.999326083876602,-31.699459575706964,-78.42661130856854,-17.50772590465685,-127.79306605197328,-21.109900607862997
182.91642766750456,3.454337298715825,24.054109724702673,-142.03994691291962,-33.87839470443558,-70.56496130275477,4.6891777174540294
183.91679945701551,-0.6647790475858188,216.5492066691699,-51.20217109023659,1.7726132276634554,-200.87977516931588,94.78539251768225
184.12918607442762,-4.046184173103805,25.556272666460405,-72.86025989559081,-27.32339467493043,-138.65775581622938,11.13477625750425
183.3382896173244,-15.303197544150242,8.347509888562143,-87.31541006770094,-41.914070981359785,-78.7790252788523,2.906305868133341
181.77783751211396,0.6617398802121086,25.582015852798616,-41.84574342879225,-13.896656201440413,-129.04080977172993,21.185488268649078
185.33605677020225,-18.175266370770323,33.921755291665974,-11.068798116697927,-29.162975065359518,-165.3682953521529,26.60178204032525
185.60091883862864,1.899852144878401,-113.90221675418029,9.353968833913928,-37.301407948835305,-21.637697549781187,-56.600918826665826
185.59376573848698,4.080813556944526,-26.62408608836708,14.016006819372869,-16.87514747981869,-75.51306097628442,-6.607700884875278
182.55509521853205,-0.4667372969981591,16.250417142815714,81.63436673076504,-30.776746792018134,66.71675055097683,3.8561528041047843
186.3065260876743,-24.532629097747062,-33.426815872561484,-80.79474236633024,-10.050184571121353,-317.476770519487,-44.12840977762177
182.0070105099315,-12.724310708550883,47.602090334086824,72.31139881815899,-28.67101975497421,67.00031846516023,22.832707207132163
183.92793003812648,-6.394187654823383,-9.859448189009068,118.10616423346687,-31.6257166439965,294.87705671663593,18.749754967173352
184.27784924612013,-6.655596910139748,-90.51947821797634,-5.755546913366317,2.089158539937947,-75.82150487778217,-47.0903438759329
186.85936287423561,-9.852832193762332,29.054811272810618,244.69009175175364,-5.9746779571424184,-56.62701807607197,16.35792811820469
185.72202337991325,-10.860856758631828,-10.166426662139287,-172.36858651761275,-18.053410470740594,-178.9869791531951,20.63381289706401
184.42440554222452,-11.756966366198785,145.84423703557502,36.61582453636791,-24.72953335195399,11.607966209958864,84.61588928735387
185.7016277114485,-3.261863738686322,239.85978318038505,445.17536126922334,-17.626930118951446,494.5336185024796,106.61238327684949
186.48298936611448,3.0644045723323394,61.46918493044052,-17.796016283011546,-26.016042593955287,-59.368613956967096,21.133649909532704
185.74734726481893,-2.3672544868357654,82.55066795549436,249.95344576902443,-18.670914212344208,95.6958377123396,9.341162673448533
185.1671374028728,-8.598057310961819,-74.36831262661592,-435.8063235459842,-2.1337657045981158,-571.9912949257222,0.5135480146467586
185.34026821803494,-3.721322827909518,63.943605294347606,65.598332447947,-9.73546297065018,44.52050980627841,53.23824090939232
186.01747643230712,-14.404096126829783,39.801627328095435,-242.23310014552803,6.3176815048133435,-203.64256478057064,11.74054192717433
186.0231454296542,-8.580689745845728,122.43957563204953,-84.03744505336432,-22.304974037341786,30.088114465520746,83.26829317421013
181.38566265477132,-5.4069982651178226,59.992133619835016,-128.85663441928315,-29.682142225379316,-228.71663027695945,33.73499307814942
186.96915054220247,-5.23126239661731,199.383345980797,-49.609232487191065,-21.257153750623132,-189.06180814557416,112.49951491287825
187.20568071638178,-16.773531334608997,131.988427815255,-43.91726425183596,-12.55545741980389,-75.39718298913421,69.29367499052266
186.17081414648123,-11.561156838358702,46.819870086189944,70.79397641746033,-22.3184608753044,56.36700101280256,-23.567984870853653
185.96906356364323,-26.027177001977613,132.00173526096702,412.04152067072516,-20.84038262812368,536.4023321713152,44.719623482158966
185.7098514714714,-2.973196998514588,127.58547934841323,209.2191442846337,-14.018159382266472,400.1954712731793,70.37961663757252
186.16546852645604,-8.983269611260784,34.4768851905708,-103.19805267060559,-32.970316935819824,-170.1584024784375,-26.25636805162479
185.80220313136078,-10.887960226961098,144.22874304222955,191.51888586574904,18.886564326227973,88.08164513890435,64.61411986681264
186.6714925457894,-3.643193031085697,58.4781887227326,150.94285339407594,-6.682563085657353,19.11930670047694,-5.7138618463237165
186.2808628230936,-12.37085556412827,87.77602188823062,60.57251235953582,-8.767057459008706,178.6003314394158,57.404899369972725
185.21827637812888,-9.484430648956089,-79.66003936652477,-119.02356686508409,5.449449145076417,-130.49258452378922,-20.536616976185584
186.2455432982947,-3.516532495696693,57.343993507474885,-11.510964227978707,3.608826054934957,120.1617888981654,55.36380653388128
186.51500631806258,-7.975477752836551,151.00703304388176,211.30919272450703,-5.733140529443724,297.75308957816765,73.623427819669
183.90614582638864,-7.5894178482905925,98.82558251292919,129.68012143599327,-3.4352135093093867,107.5677012318477,65.81754312610101
186.34853957741186,-7.851573784041455,118.50302357978572,-14.961227954568535,-4.33394480754798,-134.84988937906283,67.99341137556648
185.64140884505375,-11.081683363080993,128.37449900242603,89.17906248515627,-14.05702230449792,210.2626758357706,82.07787261489403
185.96194162392408,1.0728807338562532,174.47701770791915,131.99358841958775,-15.205862853274413,16.632513849834666,76.85580630708567
187.17025191148318,7.668349011213547,301.4393635645929,202.87539246331974,-21.81128203674427,122.32824193719736,143.02914016706134
183.82873007796053,-9.65634399403251,123.03672374952558,-7.447577733210572,-25.824820046004,-234.04677645599836,31.68647582519889
185.72716379741897,-8.591204984252297,191.32905631724648,78.70058328066642,-7.986972416582777,-11.255858763370426,91.64795982516961
183.7932249913832,4.895226919860493,214.12538457952215,349.5143145012646,17.082556471290133,291.6751215071733,102.32611193482511
186.404015590814,4.600755290927245,175.10338717338095,30.099471927491642,-10.520624738340244,-132.57115527535166,96.28753131716293
186.11500694735713,-7.731455296284154,160.89999603488008,194.7377274344131,-5.297272922822606,125.1916808331033,102.13406464599784
186.28565518502214,-3.544819140561227,125.37236753591421,64.68784485629264,19.30612320599638,-71.05790262571522,71.68855515354844
185.8548946531026,-10.914364190852712,171.2508735219331,227.43918240661907,6.077891213993177,177.25988711043686,78.8551695077744
181.33635274609227,-13.706724388252121,68.74134243782805,-86.50264872869239,-4.530951831716512,-182.5098914576606,39.32512785624897
186.00309759998726,-15.647886011481559,284.5575279359137,326.73048081337527,-10.493807448926821,263.17518908118836,145.8126555700656
185.75200538260867,-9.46784363214828,323.6383454938263,320.5015423789148,-8.039349430787524,256.3473685888052,156.19795076452505
186.10569150097734,-17.88520354891734,315.02628589844534,30.2629898453644,-11.682989343234345,-74.58374624762506,151.44039278949248
186.92759383945636,-9.590079711803856,549.018545389468,389.340843371766,0.4978380038929664,142.17497403262732,243.16369478734055
186.30075735030695,-8.327425631023512,305.5915269412179,242.54887509054245,-0.13761295114718375,210.5099983771731,161.2076749991198
186.09221739658102,-5.39434559268157,291.4137641133574,53.30819068987135,-3.3081574971874277,-250.84571788899223,151.5463303094822
184.27226291066793,-11.537781045018855,409.3997794632819,490.9155395885766,0.18200761183894,542.0392287373122,187.22516266047597
184.83390699518608,-4.4267543291090234,222.22741112485346,-43.211588468172735,4.469259662041865,-325.3975553976885,120.16935542622508
185.99567962816198,-14.42996214254797,411.5378308439442,87.78928936131747,8.158783868129776,64.72328294803154,233.01428810164063
187.26741608076202,-13.879306972021864,555.694994014011,316.27560920415294,-9.67863357903445,131.90539056658903,276.82010160472447
186.8344577764558,-0.024901366800804015,436.2148805303056,176.39505786672953,-15.06059597084506,-25.913406345401427,219.8050087638958
186.14580340648342,-15.494581574725668,542.9515698523567,709.6428933474508,-2.7183911859105674,633.6004916847381,266.363546106474
185.97828937593522,-6.560830726464468,478.9933965746673,467.0014781078091,11.27489160862062,464.4713401242951,217.12115118009964
186.31757171991367,-9.27862552116171,526.2373223296147,465.4465620414161,-6.508425433089272,300.5568880403597,258.7656352756484
185.31191203858,-13.260967329863746,446.3401003563127,406.09074668194194,-11.569602528840312,263.4897533767999,243.0490115909234
185.59777401046355,-7.113642818457098,531.6165996418488,644.9426770410606,13.716664950653119,580.5129784384854,291.5824317887172
187.3039613527757,-12.020284441383811,661.4389908741302,407.5667716809784,-17.900662021362155,246.86548529421205,306.7624759956146
186.3701500275949,-4.298130663500657,520.4734488122865,647.1961971627583,-6.266339045813776,675.845872175862,247.70291305515892
187.2172029748981,-11.011468595866544,588.6940522375594,499.1844191805984,-11.163872142889607,385.18987084639184,295.04133818384344
187.5990285919645,-3.1180511055506535,732.4544892069351,847.521089554204,-12.240170403830755,329.90788876273706,368.1273003975804
186.90154600918208,-14.955836676034101,515.1879373082146,439.61057459518395,-3.6309868741183586,295.8381833617851,269.866910438743
187.35076862061248,-15.291947654685153,653.7550390951496,624.2750630347848,-12.88522665261662,400.79983525525006,321.94884272783725
183.83453572382777,-9.574901495230721,619.8133856874176,746.5951926658,13.51697256692292,650.8669270499756,315.6242063429904
186.12156893537949,-9.994844231581709,735.4447131816432,946.4895932761118,-9.708622477588555,808.523121640614,366.9350890291524
186.13446091096554,-3.92461849285262,700.3862868410372,1007.8746016783822,2.520098019926155,1029.9119730535322,345.8852852093131
187.08932910264176,-7.5396546545881185,682.8331781045582,407.9667315332937,-4.780579991774459,75.42116980265855,357.4981872751071
186.7439048140102,-13.080182384312678,635.0447768494139,632.2190907364411,-1.0588472238121158,524.0818606424114,336.556621381423
186.66348913568237,-5.17093817286956,865.4323598094038,879.0943166277156,-5.673376547190006,691.2262354927258,429.0553070183888
186.9251253484141,-6.731448929901554,683.1350595757012,840.061914169743,-10.519318715760667,718.3401846608261,365.19758887447745
186.35305576777128,-3.7524873519199833,751.9423215471612,1052.416052211802,0.1685962233504643,1114.3042425105998,388.43688311109844
186.7251073694918,1.3592396357455312,632.7525616713347,635.7006943964016,8.117742390338632,601.4964626764653,341.64499084997635
187.18564796739832,-10.65691773426917,760.2837389509953,883.0700396631141,-4.509933219818891,638.0048850360254,390.59879642197035
186.06732396989867,-13.25701936430359,724.4568048021428,875.7757486877016,-1.9062892624979386,875.7143066278285,387.71127726066055
187.40567507942197,-9.431652903738296,833.8065277337382,647.9886463937935,7.707533495678215,216.99007673651184,436.08579768307237
185.98615489342072,-5.343552133972758,715.2994072584185,931.684708442637,15.405673312523593,843.4418939790355,374.2281851029982
187.4320152116454,-9.443362321894531,785.1134480429512,697.6797136561742,-4.557826284076186,585.115117045276,404.3252610099191
187.5777548179072,-7.537724992656571,841.7836589923343,731.7803336300944,-9.078667275466906,459.45790814742026,429.1619692907144
186.43995021335604,-13.194260662304249,724.172449141125,318.3715863370628,2.7270279597077938,53.23198699966886,385.05813637877975
187.0839695057681,-2.2391115114958007,796.0162741564636,714.7173602425783,-2.8209844706711653,509.34921452288063,417.1087287561548
186.807443733393,-14.80058050475118,884.6134154533725,1224.488382361011,2.105590383925633,1077.8970568501743,450.25961950864166
186.70682475722262,-15.157292705139874,882.970025034735,958.1211111707511,-7.020886062753059,812.2484289663557,447.33243037119456
187.43028791610055,-13.09554796651881,916.4936024586679,412.37295786664686,-3.9411221615566236,109.97280184530386,464.9780894098066
187.4804192506345,-10.41341068857746,877.289311929774,757.2537973598469,-19.83659334580963,475.8455419095919,452.83661693271694
187.08735751113176,-7.263071864094944,884.0839952283574,1052.5667443402554,-2.6054240578584165,726.50306670754,450.80575911990985
186.6282787626337,-11.885139279403006,899.2925238466955,1286.1707250730879,10.902145548203396,1239.6478852740095,456.36097289989414
187.35284831442593,-19.16506837636666,911.6691707581892,1034.350646536741,-10.648711224392136,739.7192340250159,461.8747509149923
188.0598866537453,-9.748753265546686,839.6634189721032,825.3800652930021,-14.8553686656202,403.325226183171,461.24718043827335
186.94500169281116,0.9195241598453516,893.3686458863167,1249.2176290345712,-11.073872080974827,1173.7074370948508,456.7871601336648
185.7746864380116,-10.279315944761647,1008.44517223837,1609.3891081670142,9.674349714818401,1717.1187252184138,501.9618191440922
187.51416776206057,-11.655774686238288,952.7780484780536,1110.4682603400029,-5.641847649622172,873.3728241571703,478.9877240962581
187.6595095845369,-8.27145334023798,895.0488686514823,546.6624029491163,-1.9398506573514798,222.404611642224,479.64079891388286
186.62484764645038,-3.567473263699174,921.3754974654375,1394.2089331694608,-3.3910721432999567,1330.3734751072159,468.84386475952726
186.763526105808,-1.9442640437862182,986.7639576309873,1669.8858909233725,-1.1489181645895774,1729.127158327559,491.24640455138206
186.8587107745256,-18.80836688344478,955.8037735244777,1407.0856828760413,-3.818475493576638,1231.4871309204057,482.0576739797965
187.07643940399566,-11.902423348675393,1029.1994890036847,1493.046687724242,-6.150341768802183,1406.2538129328339,509.4870037509858
186.25214839780062,-2.1918693479997495,953.4335805907347,1446.2650442339184,7.743722213671621,1344.0849778732056,479.53154194619873
186.99571570905965,1.2056882857977127,963.2408940318692,1338.6633289941938,1.485822217508994,1075.7084818318826,488.843431547914
187.08096347245342,-19.084324363217867,1021.9418260426827,1401.9973417878307,0.8301750560374318,1162.58298081916,505.100228036981
186.29895693300955,-16.37738144497753,1029.4478008271549,1638.0569540914487,-3.6276602936142446,1576.1794431035426,510.6385092154885
186.7408366063474,-14.53494310979845,1037.715545305773,1596.4951271131067,-8.755778737741222,1279.6416712321018,512.7975812811659
187.5697001509211,-6.475537597797803,1054.0221930063099,990.1152465770836,6.098854693029628,824.7107594950174,520.3189156401611
187.92914503969726,-3.4489374795281145,1034.582824608532,1328.5095696029755,-11.018543943622138,1057.0217397878669,509.9732759369258
186.32641933696422,-10.66207961381927,1085.0865577986087,1797.6851221702893,5.028665691507363,1804.2795592318807,531.125271443822
187.45651611974563,-2.0784557502244283,1033.7227987309407,1455.703388390983,-2.991722692097937,1254.0609320468964,512.4198129446978
185.78334421870477,-9.042262921826142,976.0001299744524,1061.1588011181007,-12.314909168579213,806.4767533561999,479.8374091771751
188.41761806054717,-6.128864136432109,1060.4874207304713,1145.1455479229546,-11.28574663622115,630.9100938707289,525.3720564878049
187.0435684069308,-1.6662866733629933,1074.8644638767125,1692.700024891935,-10.686028250071537,1755.2363825815264,528.7659317256943
187.10655145743064,-11.002400043824426,1124.719598535906,1705.2923650000666,-4.05886097676767,1400.1110215036695,545.3549716258888
187.27434393479967,-4.039582002244095,1090.3269456280286,1746.7264483613353,0.41942072111071127,1504.4201128151858,534.7474772551154
187.4950781032703,-4.443798956126327,1114.3785859685227,1642.681581137595,-7.751801154386823,1284.893575795176,544.252132565437
186.35167405165222,-6.9271050090989625,1054.5771267817304,1857.5090820811877,5.411921206969084,2008.1968867072035,520.5035386987688
187.82138526714067,0.03914339172564835,1141.3749970670237,1278.4712178578575,-7.528263084500717,1222.049638678302,554.1192719146215
186.8711961175812,-12.700225842632825,1134.4628276634962,2007.9961576937478,3.303209752280504,1976.177363370191,552.1999997919912
187.49241307990476,-4.020464065471576,1145.891880106409,1761.004504529584,-7.8927497585963655,1651.7442468978347,556.6508912147716
183.3480835265246,-5.922591340193611,1010.5571345617626,1819.1860417892226,-3.0889981664011454,1958.0887429494041,489.03165368401346
186.88556285641525,-7.276295207389855,1171.6468272991553,2119.222039545177,1.8397199081038405,2265.754668870412,566.9064235628297
183.29517056627583,-0.4516718019455078,1078.8453217736803,2030.595020056203,10.388221530156695,2250.777138017457,521.4760212399084
186.98402866313717,2.205291551696546,1192.1637809972242,1171.1612941368467,-8.103276767114627,740.7457093725257,586.8521809854753
187.23049366409663,-1.9573025972512066,1217.5642528446272,2071.8371732477035,-11.158624551681468,1789.6898186325338,585.0823783305814
187.19856837402034,-13.104868848704465,1181.977038887916,1763.7687086326182,-4.591377662727451,1587.6754492354262,570.7849770917538
186.84362129431042,4.613137936026416,1206.2089288959357,2313.4252638982166,7.986711139891307,2577.0014901601908,580.7966418116872
187.5228924774747,-2.448889371571127,1231.5254783064279,1791.280863338618,-2.624574779067989,1684.315174687578,590.9675788126291
187.42635310181328,-0.3021824269402923,1258.9155456192102,2208.9921798791765,-0.37077562078002757,2227.2949887079285,600.9486920674267
187.51940445438248,-0.8238704816249889,1265.9186213631933,2233.7807995693515,-13.8207711650564,2260.7197015324437,604.0722872478256
187.99716230586213,-9.219486961915651,1213.6367205879408,934.4934577521058,-5.133213104797961,499.89600571025414,584.166781595341
187.58469347701728,1.1744450359929197,1226.712510109451,1850.5441246307928,-2.9757073137276655,1853.9630953962383,595.9358218303512
187.20565258326138,-1.565489624755918,1210.514009059671,1980.7170137295047,-3.65978822495605,2122.031425693471,582.2968317331757
186.9353767986498,0.4066634948164851,1180.0161501402395,1782.2648397497144,-6.204523611071273,1432.8690481875014,561.5465367314608
187.95590091069363,5.296740571712799,1250.3441241498604,1443.4029866948413,4.94616130295952,1337.9776430298305,602.1611689512207
187.96683624701612,4.850666799300708,1285.3417891501851,1427.6776840243094,3.0395595913227504,1382.539099700475,612.5659121909656
187.84478841036267,4.642802906177972,1243.185276313963,1812.7003531773876,-8.063317152594326,1675.8259320834634,595.5122734720542
188.1244838776445,-4.728359411719203,1245.7508121661683,999.1109861201329,-8.66463520966267,741.5541425893068,593.8924291195024
187.79445739559,-1.1736055387993722,1261.8393422325626,1784.0580430001585,-2.227223416101636,1729.3810801443212,602.4687744924041
186.74814977484107,3.8229413946457282,1251.8842827579422,2388.4924130357144,10.661828234483083,2541.3803268750194,598.4489435535868
187.02867581240795,6.453198296095921,1231.0832330924004,2191.9895466701364,1.0323833121998915,2273.772286149267,590.3560389830532
186.65674966735912,4.435531078714975,1254.2220839150689,2438.6324714547154,1.871169840290348,2659.0467595524415,599.7930959480868
186.74054324337212,2.4801307861230515,1255.9785648657007,2426.1528830499587,-9.164235659313553,2710.8427020316017,599.7247651851721
186.65107687601122,6.406250221566373,1278.2733328420838,2510.0349262573204,0.8721660408228701,2780.4711417232957,608.9568290512326
187.12578716124582,8.25800186597626,1269.9664237345812,2276.681156975213,3.0303085103407588,2443.958086949649,606.3083965809791
187.7329955961352,10.302220726437572,1269.9965476776654,2298.4368782877127,5.154677692369506,1903.3064071801498,605.7712613981803
187.04065906073507,-1.4128120823470116,1279.655752040998,2229.679640520821,-4.207331870855878,2187.46352905832,609.8563805747914
187.75446912956443,3.180171141680668,1274.2057754350558,1700.11844020963,-1.7283876972880043,1134.5262059134666,607.4322279351896
186.4889769588697,0.7903740326174566,1257.3843754283055,2472.600447936335,1.8701393998037203,2789.323338394422,601.246318057058
186.35517456477612,7.8495579618166005,1276.1250261290381,2320.985537306109,4.788119232594647,2634.3747766663364,608.2422194881531
187.16033026968006,-1.6419696110756017,1286.5862815674368,2309.307878738909,-1.9543012894562495,2395.3204029040885,612.322003455823
186.20652906677384,11.072545632813444,1288.9430199585324,2545.3368918962437,8.708965771614007,2928.293739979704,613.241785582097
187.0141614545255,5.218401732084207,1263.6262277221256,2484.29588023712,9.365643154434336,2648.0805964006818,603.939371212303
186.61715230641687,7.738273279370892,1239.5011206440597,2456.6389635883866,2.8600032865372036,2818.393286960297,595.018127727387
186.97053028834708,6.354049543615169,1283.657291458651,2438.082314646728,9.262196013202528,2518.656988200129,611.1639825816527
186.7424580955547,10.470876118835736,1295.4275978715455,2453.5226567848235,10.146148904913083,2768.1214924753167,615.675327517562
184.66238753484058,5.395787851425644,1160.927710832271,2272.0763050024793,-4.094879132295016,2559.930723778903,553.969215657113
187.06072486094328,8.712613444253206,1285.8278559483074,2540.137916564944,7.105695481671043,2670.5998983820973,612.1645516290131
186.2821038077594,8.253774855652464,1283.7680914331906,2539.24265578096,4.257675784919477,2922.2490194840907,611.4074542352579
186.6290797050848,10.234935878940341,1283.9124831986792,2539.5111801715943,6.717916112075139,2922.5213894017,611.4697917741995
187.2306016499866,7.230539602755918,1289.417010544802,2074.421914271496,7.618846832404584,1968.6630813386175,613.447571179282
186.9259221273408,10.382914629965049,1279.712381571585,2514.3287210538488,12.56271020761649,2776.906856675098,609.5349861896304
186.4175721063155,10.198128131777647,1287.9406342107934,2539.1591602010767,6.407894635006427,2905.555501741542,612.7831211134138
186.6706508522536,8.950520096524414,1273.7069901561204,2499.5618661860617,7.293829620916031,2808.8566871300345,607.2241403419998
181.66330241523565,8.421210376765481,1061.761214419987,1931.6472827205057,5.5094604292941955,1890.0531999182513,507.5214495247061
187.82800163337,11.654446822988163,1292.457149336379,2118.062595651515,3.1227976129489297,1771.8324414990548,614.6617462910897
186.87701086494505,11.837752981468414,1290.929866485635,2547.8756748563596,9.906703603162777,2926.954486415811,613.9702429554083
186.95941912828854,9.707920103968133,1286.4209168143573,2537.489119089798,3.355570586155606,2773.68202135354,612.2579257981098
186.67194486288972,7.551600923499285,1289.1618676899031,2545.7523352151347,4.4695102055134734,2705.0541367626633,613.3365076590679
186.37482145751946,10.786839255421276,1277.539251516735,2526.841691019955,9.67132064445147,2906.794779217037,609.0865930040824
187.9061434254597,9.685188852217445,1297.5240808478452,1582.956674697389,1.7908503337595625,1375.3446689685036,618.282193335451
186.86879950646954,13.500251780481287,1254.4250173855298,2492.824403596761,15.450421380703085,2711.4539434080825,600.7172615704825
186.85833789799364,11.060645332615055,1267.8333064143233,2525.692189256568,5.4049320940836445,2892.272106441762,605.8812032415095
186.85459298968323,12.707668800665497,1293.7051585419913,2556.21372148277,10.446219126479656,2880.7791463499875,615.0684978575625
186.4003680421109,9.355742488859411,1294.5928665901054,2562.2115099090743,7.102768127349637,2951.324732617422,615.4828834302849
186.39837571366752,9.798232613815026,1290.6405104157973,2547.8816132345146,3.6426684175765978,2916.653857248453,613.848755889368
187.27568525906952,10.611338727784318,1286.556554645169,2537.734734962716,6.265946924294058,2709.4467321246543,612.3154159819011
183.92188731161517,11.829369775019508,1173.241787992485,2325.685908430375,5.242046272110198,2511.57972137267,555.9239352939671
186.93895291682523,10.29566557325624,1296.537358240768,2564.651322029654,5.863898964431587,2953.759595648431,616.1896827136416
184.24063619101096,12.538564175366018,1186.0651922857458,2256.9629539897273,2.3912739736931514,2078.115847845674,563.918615439829
186.2580150383991,11.199838994699817,1287.7220651413945,2526.6935280966804,4.96830820602748,2727.9755398920693,611.8606444523002
186.12938927669222,9.520543081711603,1296.2218712928463,2564.061001302886,4.492227814924949,2953.154848434036,616.0522362292586
186.36483854356123,10.87170958922784,1291.7850418014077,2553.8049154730456,6.583911138437377,2939.8424328014426,614.3699513428746
187.63659602239613,9.291596504904094,1295.1944915901238,1988.9983616175446,3.394581773575155,1603.4522936915762,615.7427030988758
186.50832662969418,13.500562362265102,1278.0328964173807,2537.6259482432715,8.502054021199484,2923.7864989585805,609.4935389361456
186.7434946336347,11.258373578731849,1291.9390192218661,2554.096034518461,7.396426458040113,2926.2751582037395,614.4370686518852
187.17773075583975,13.124734013833647,1292.1253092099244,2529.065077438441,9.093913320864196,2479.465911404244,614.5186336591559
186.82408698889117,11.774384432067544,1291.9645957888752,2554.1470711093702,7.476761580640532,2923.2893160422213,614.4489545855669
187.75807800474539,11.934444501694037,1291.8090370648063,2023.0572633986194,6.807411847110186,1725.2302463163337,614.5445798944604
187.23608663555055,10.198968920003367,1292.1503670137333,2517.215179037347,5.973867445611477,2432.360920727705,614.5295701185273
186.19316313024066,12.56245078030721,1294.5255411186408,2562.0786960022238,8.517944625495218,2951.1888446005273,615.4519885177345
187.60091118429023,13.061701578342921,1292.3816688059421,1985.6970048954038,8.088548674112717,1669.2283321050552,614.6297511456678
186.81029273515404,13.687998050807435,1289.0690501739412,2546.1291617661977,10.251058399780423,2924.871459272249,613.302782531866
187.13688274561224,13.12482584380826,1294.8947436601243,2562.771391492103,7.762948221155805,2901.9444880874266,615.612923696862
186.39455726760355,13.135845939179438,1289.4313477611722,2556.1334001412583,7.421457702594434,2887.866672239747,613.6509562872482
186.25189035127107,12.937783309693126,1296.274917666618,2564.162251617719,8.265672504978713,2953.2556590175063,616.0753154984544
187.01338916712498,12.106408732761837,1284.1204162908568,2535.8567214732175,9.000316705760689,2861.889333552869,610.377102987425
186.7058181349459,13.13770541448971,1288.4764668545602,2550.0072961256783,9.293187136673193,2936.0764693815654,613.2071669511463
187.59151215917595,13.31212310103015,1292.3000071724643,2522.056565556186,5.877010840651779,2484.5227574718297,614.5942961459206
186.38902610329367,12.087632476282321,1294.6239359058477,2555.855589002099,4.343116887327696,2755.5917244689535,615.4949797619214
186.77876731760017,12.583332134879097,1294.7490775019667,2562.5053074531447,8.70220751124991,2945.307843313172,615.5506575966085
187.8596271353542,12.652707129357603,1286.905722808196,1880.7974039682701,5.18501004313906,1580.3564586059917,612.4675951480917
187.30146861817917,11.852550152190211,1300.1411413373633,2568.814254959106,6.037904939686307,2745.4641760290115,617.4814914851946
186.91020368141326,13.31154481467038,1296.5346038681823,2564.647973984502,7.899973935531197,2911.526811202059,616.1882264285045
186.51695555050432,8.992148095273224,1294.6396704438532,2562.301915757659,6.7811743254637635,2951.415035475913,615.5035814458643
187.764302832716,13.499543044552185,1295.2544901662536,1972.6875924835017,6.252236682732218,1659.228639163235,615.7690576670815
187.1048649573415,13.124829563695073,1294.910051456133,2516.763569888192,7.265854299790637,2579.0833308079186,615.6192493637634
187.02313144899392,12.246698814625567,1292.0653750249091,2554.340067039973,8.573845287942724,2660.3591457587386,614.4927783849673
186.67403120579203,13.688152560446028,1294.70807752653,2562.427424671621,8.950308461655718,2951.543085809227,615.5326435726915
187.7478392518795,13.124244550726017,1290.099791875088,2124.141074992325,5.732753045012246,1730.9129495666434,612.7564459958656
184.98520830720085,11.202835164434656,1291.4555658731122,2449.294121749678,9.053966419791813,2117.3808373325833,614.2349990306385
187.4628868717814,13.124517833787774,1292.2810457112082,2446.6549517187855,6.488045358114639,2128.4607007648783,614.5855766143346
186.41580779597544,12.087608381251876,1294.605654539016,2562.2317340667555,8.676456403528029,2951.345758145863,615.4876000452946
187.77426216137354,11.024034908372085,1295.2306096836287,2234.194233543419,3.615547915432639,1824.3210136360874,615.7576168457357
187.68526183936007,13.687174595508264,1292.413199824716,1947.6989663858135,6.646716372129064,1672.4202477715332,614.6440163066867
186.5837440415421,11.013177373058552,1272.2582743297519,2495.271351862749,9.304975351209647,2859.744445652502,606.6504189104926
186.66788319528803,13.111523304790019,1294.7029632677245,2562.420528879639,10.79253593104382,2951.5350922707635,615.5309271083431
186.94412695334103,13.124915845747541,1290.2898676796283,2552.205937387364,8.887137963435338,2874.5480785901223,613.8583274371445
186.10494681297646,13.125358148333154,1279.7909472512138,2525.9501569585345,9.365314290590627,2902.7641557953007,608.1647412699343
186.7140441986452,13.125075553938224,1291.9298123656108,2554.0839439909814,9.588587899672136,2940.12226620205,614.4336185778031
187.77564423728847,13.12314756446117,1292.4372438775647,2163.680758401709,6.195148401980229,1653.3485231377547,614.653345663041
186.4480083967683,13.125297007449133,1294.6239038390206,2562.2664541954614,6.361766972591861,2951.379118084419,615.4953510593032
187.49853561592045,13.124481214254418,1288.829147997639,2387.8933135197067,6.195572665812849,2195.3192495584253,613.3603581459313
186.04749502132987,12.937812174198312,1288.8671299827959,2545.2119558698637,9.708100107422771,2928.159760560956,613.2118012137977
186.3147158490406,13.125379937778401,1294.5677141023239,2562.1611819138357,9.397737320514507,2951.272682705053,615.4710850224565
186.59802765446813,12.937453264959176,1289.0874913997764,2545.623227493554,9.372091726558756,2928.5795117621087,613.307340501068
187.22260332458106,13.687757859188673,1294.9603763916741,2528.1972597688164,9.185678928780481,2403.9925825976247,615.6418006516784
187.025575935717,12.937162604345112,1289.2527926521402,2545.930623477411,6.783675772364936,2928.2345350356786,613.3790618922608
186.76437369790304,12.314899556928541,1290.2203895513996,2552.076343123533,8.559615478125277,2888.9998853712464,613.828151050022
184.97192205138413,11.371179892317876,1186.2519113462479,2347.7741298236765,2.1480155955745235,2455.7915488318095,563.9972693139982
186.7801432720336,13.500338471398319,1289.155577460599,2545.753661471351,10.658191258349413,2905.2097982798614,613.3376213565911
187.5085130129109,13.124527823680806,1295.0822564103626,2487.5122957634053,5.933188286003607,2272.5056254000788,615.694011851775
187.75319300877015,13.12423702088338,1295.248927543613,1968.4240182611943,7.323303697205456,1663.7434450862188,615.7663048470652
186.20774695141003,13.125410495648005,1291.7253122304521,2553.7015210774225,8.15889485306087,2939.7316274861423,614.3450406209338
186.24722977105583,13.12539540338788,1291.749882932625,2553.7486545175298,8.722629268875792,2939.776734877564,614.3554381802473
186.78747627761743,13.12506658702572,1289.5819747332448,2556.41001659801,7.955634264641703,2891.4536925239045,613.7160583844726
186.82539482512237,12.937366587872228,1294.7748963497932,2562.5468530777403,8.377792116197675,2935.099681476994,615.5605970806442
187.0595954290407,13.124855180037887,1292.069936751761,2554.3450506206773,6.185314403556707,2935.732703123628,614.4942631362671
187.75682035037298,12.93653638326491,1294.2118528480485,1795.2178427498968,5.659237225117893,1421.865436135261,615.2867920037108
186.82523722170353,13.31264450558705,1288.5185714374913,2550.0893158252875,8.396720212972086,2875.750992321258,613.2259802257623
184.91496034218815,12.663361754135543,1186.1814027350647,2342.9145941276656,7.01859265115961,2520.7571595277764,563.9676526268845
186.83941767094825,12.5965212255082,1289.178394872226,2545.793098316706,9.29684656825799,2913.226310877248,613.3470393850814
187.47460476212208,12.972950589789159,1292.7383056807412,2527.722693487278,7.074209823397729,2320.323311921957,613.7938091627216
187.73542452263175,12.914635995909519,1295.2154843931862,2189.928028860399,6.131562797787254,1773.231073699999,615.7518139633055
186.61609179316596,13.125185018682346,1294.691421442029,2562.3925994590513,8.505204247698416,2951.5079049650226,615.524603769313
186.1072092985938,12.241741144745472,1291.6819770381617,2553.623213333112,9.72288981050261,2939.6507319829234,614.3267739170954
186.91438749044457,13.500321365376859,1294.8047648331244,2562.606346494034,10.579019864765574,2915.4652121624717,615.5743634326583
187.1214141985289,13.109500574491877,1286.2071309575617,2500.4087988010356,6.978964630202688,2528.9457255968873,609.3309152063853
187.82156878196062,13.124127080999578,1275.9986489846885,1724.238055255067,6.168294773363676,1529.7648033172127,615.7962191909783
186.73197028553457,13.125104245055628,1294.73534193465,2562.4743119339714,8.463369934342278,2951.5923739434124,615.5437093734449
187.67693039057545,13.124354556476186,1295.1804103469858,2254.239833969529,6.1864740313888325,1916.6632001693774,615.7366169727728
187.06270252490057,13.124870889817286,1294.8765979165166,2557.999766239405,6.6251868958814875,2768.368640720953,615.6049082128412
186.6535401819146,13.12515714978809,1294.7038534489307,2562.4154821004777,7.192623329941315,2951.5323149690075,615.5300657406439
187.71434271877578,13.124192437517518,1289.6324682626582,1980.259697016384,6.474430103892194,1634.5504584287519,613.5437850084078
186.87471618013518,12.887176391592577,1280.7944861063959,2520.6792444147363,9.97990788313566,2783.8067612184436,610.0316131813721
186.13921953266205,13.121038133702845,1283.2923131437803,2528.501422644358,11.69892128134037,2905.2890444946524,611.0085819965416
186.94877362977363,12.791100322342725,1289.6476479656085,2556.53181613098,8.898072311935758,2870.008138359404,613.7442637953127
186.7830280031678,13.500317963175377,1289.159469925305,2545.761243827849,8.87965409216416,2875.709352961242,613.339212787023
187.13882446285186,13.124803734377004,1294.9156761091767,2558.2211971170277,8.374596725092095,2575.652849937282,615.6218407894597
186.48995551011086,13.125261568682408,1294.635506749109,2562.287518686046,8.293369952444696,2951.4027185335694,615.5005313232099
187.61804894131183,13.153250079850398,1286.7276305982725,2394.1504498430245,6.602353409324896,2014.0988941451224,612.3916514822135
186.3209959478129,13.125295363641428,1288.9719286974023,2545.4084894482758,9.619638929833945,2928.360844189714,613.257555258495
186.66781651215595,13.125106493491442,1291.9112707431402,2554.049318438967,9.542106717670913,2940.086918869789,614.4255844295232
187.04113200950567,13.124873067606481,1294.8686882907514,2560.957262460839,9.067742954727441,2675.985257338309,615.6015613006493
186.9512957289423,13.124877183315995,1289.2235509655795,2545.8777797823354,8.878497317181283,2910.8867752242745,613.3666207872145
187.53547760701753,13.403738814892014,1292.284794658616,2532.1209118467696,5.7565333575827,2339.6695266697634,614.588121829296
186.84529339443046,13.125030230037341,1294.7808923743255,2562.559393532293,7.236113980232463,2951.679241668304,615.5634427409295
187.03695002037873,13.124854133621243,1292.0656186888316,2554.3368495838718,8.308804811564668,2789.3953143129593,614.4924321093924
187.85406126744962,13.124237929905586,1292.4341260708072,2450.894937791515,5.874264249889879,2035.8928939898549,614.6521195538936
187.5107065844191,13.124480676835999,1292.2831070301677,2453.0381122230933,6.986224941432944,2267.2146301321977,614.5867668782114
186.05831872295468,12.457854250403061,1286.4810749735668,2547.469791765089,9.896020672902965,2933.544473667326,612.4785918796282
186.19845178394291,13.125420076483477,1291.7238497394235,2553.6990826715123,8.992236358700824,2939.7280824167374,614.3443408493264
187.00114926806182,12.749583203650134,1294.8510747482158,2562.6878154028864,9.016327515947017,2828.690124341926,615.5933536446722
185.36397257801374,11.3810266137368,1283.1226791684137,2528.1545880848303,9.644444628202802,2904.902542866616,610.9366800248094
186.60839870549933,12.749691678974129,1283.4889747393554,2528.862094734308,9.584858127872563,2905.6602165165364,611.0927994532278
187.6803156065439,13.124321982741892,1295.2083709970364,2105.675345502023,6.9753173167477405,1713.8589285016658,615.7485776200567
186.5407588236712,12.090312485005942,1294.6545268170407,2562.3273501107274,9.044640991404425,2951.440909044789,615.5094438027752
187.58093629081702,11.399550181734202,1295.1167960546077,2458.589403712208,5.270031362748264,2175.077191164954,615.7088046087389
184.64449479084323,12.838421826684735,1182.1978559734994,2332.7170583923416,7.359859421817101,2683.134585121316,562.3171747148104
186.80304102307537,13.12505763366467,1294.763998414672,2562.5278343515806,7.36305080761639,2950.202359020571,615.5561232789042
186.94997061924408,13.124954445918775,1294.8255476176175,2562.6427973136306,8.181849460404479,2886.0927506372145,615.5827921530132
187.7915944173108,11.455829133447942,1289.6615831246793,1956.9767207089578,5.119849534533475,1542.6933879669425,613.5563333867999
187.66721942583735,13.311910355321517,1286.66797849164,2343.2277319612285,6.760452551046951,1940.5092722584395,612.3675277231566
186.68694571639625,13.12513964269314,1289.5387071377718,2556.3297248682447,6.870430231138012,2945.494358864154,613.6972921029216
187.80421345116088,13.124130225678108,1295.9374700969418,1838.4600139170534,6.23823402005159,1497.6707314912298,615.9002290612948
186.73524755040634,13.125013431895685,1289.1317369791434,2545.7057447687894,10.694304269752301,2928.657909196264,613.326961012528
187.11340084316146,13.124811917706236,1292.0948514838715,2554.3924463664266,7.282127030240009,2886.296029514224,614.5050477374903
187.6183791557409,13.124377502436635,1295.161110137966,2164.6416775961466,7.907930735154671,1932.2777746683676,615.7283324544237
185.06029630877524,13.121994219011425,1188.009264251211,2349.8782044114932,7.607568748490763,2480.0047793105296,564.6243192950928
186.3740114960042,12.93765456489076,1283.1222537500023,2545.1860120615293,8.154148206754614,2931.292758820858,609.6961436149461
186.41634077964363,12.749888422048434,1286.681753781693,2543.7897789970193,6.0242503947154695,2926.762245273473,611.3806473574957
186.5268523322085,13.125193245931525,1291.8487623479468,2553.9317351079285,8.556915824728396,2939.9688644974444,614.3986677699997
186.69952880958408,13.125131084357895,1294.7249545206873,2562.455233241234,6.808790471118757,2951.571854440105,615.5391307012037
186.6457391193492,13.125158590084538,1290.6076231304467,2560.2331723067146,7.45777139472261,2949.3775830496056,611.4096595315256
186.79983709157335,13.125061219849835,1294.7656733398705,2562.5313081522163,8.90016835060066,2941.119886027721,615.5567741456757
186.62441429457357,13.125176630760915,1294.6921347789412,2562.393588309908,7.528494690339827,2951.5099614351725,615.5249889989389
187.0084222514568,13.36128112472781,1293.7793706853663,2556.352165862741,9.905283555642445,2748.300389715386,615.1002039560649
187.21846737298054,12.24903706299545,1294.9623446175897,2451.9877528395687,8.594909176980671,2314.112324723294,615.6428088584632
185.58301714694815,13.125247690242999,1291.6115801613782,2553.4612126091097,8.836648203962424,2922.387477486077,614.2977891718249
186.6142389074758,13.125191017683559,1294.6933686359357,2562.3965378465896,5.911092818519954,2951.5108849343605,615.525368411296
186.42890119992418,13.125305713488496,1294.6136248523587,2562.2469300135226,7.095100399773713,2951.3602325649153,615.4909739632619
187.21461726949195,13.124757233690673,1294.9440897222835,2559.0107416424426,7.9952676550112285,2613.8457140792657,615.6341505738404
186.1279371902921,11.783585955998367,1294.4887015981064,2562.0175778987123,9.597279088588689,2951.124643780256,615.4376008392636
187.26938850841842,12.620993766410603,1281.8199879400472,2507.047621743153,8.213960186269876,2358.714001894968,610.8636772707342
186.30463859682942,13.499621027009914,1294.5649898651213,2562.157740303728,8.78484307526104,2951.267649556555,615.470076670488
187.87245518340126,12.698462091589825,1285.5166341927518,1848.0315980637263,6.246961685915911,1475.718043942065,611.9187145316785
187.54576886422868,12.200061269787177,1295.139145663793,2192.2695117707617,6.888823550431875,1847.4704366660546,615.7186639287105
186.73914728679622,13.125058938252613,1291.9396151859776,2554.1021611615533,9.174907069325716,2940.1408233908687,614.4378718089816
186.94409072931825,13.286641273027243,1283.879851553227,2548.3715807611666,9.834860678273456,2858.327456242515,607.8513137114493
186.82540977178047,13.125001813729403,1291.9775742713748,2554.172964385115,8.917684365944556,2896.5161628957576,614.4542577302792
187.93844093572517,13.124042043461587,1292.5431634997153,1821.0909267701081,5.246560670198404,1454.674688260549,614.699498312543
187.63296455006366,13.124342631049172,1292.3639813605669,2183.112464534354,6.753362978542592,2000.2160194834585,614.6218527266045
186.47443178630067,13.125241151169243,1282.5272384881848,2547.1728561272007,7.828450887736527,2933.274456309808,606.8224414900292
187.60175245796816,13.124459300241929,1296.8486453960095,2496.9380536871145,6.369318541635336,2198.221274142909,616.3242879279273
187.28818222602666,13.124698883589664,1284.5509314861506,2520.8845484579915,7.503056640694587,2431.564498459704,608.7479942541107
187.29570643136245,11.58739809056699,1288.0062042729623,2518.566653771948,6.624746101963192,2352.6497874216902,609.9750378297687
187.13294867498462,13.124799870479956,1294.918297258052,2507.504555342832,6.945653958841679,2535.9747546508383,615.6229755924224
187.8995580330419,13.12413156892545,1295.3175679688236,1941.3050908843043,5.758948160069362,1527.6579566157911,615.7959657541955
187.32207482100168,13.12465416040509,1289.828606670418,2486.31481532251,8.328568323304374,2263.2876219160216,613.8229150615903
187.1017871701814,13.124843432010204,1292.5655154465867,2561.084585898277,8.424237397948021,2743.568136433727,613.7192428856018
186.84652242904252,11.23019583571102,1296.5028519637103,2564.587198805923,7.104323941871989,2953.693075430808,616.1746591641258
186.81259009388444,13.125009799757692,1291.9686672371313,2554.156264585539,9.278524732130728,2936.7050769496636,614.4504721498745
186.76311617755925,13.125079273642886,1294.7452061096599,2562.492417008,8.893219003183697,2951.611901719031,615.5480606309771
187.91083712168336,13.12402812097646,1278.5546125808623,1813.1656604943535,5.5142686040542275,1601.890627278957,611.128974896369
187.31548248273452,13.124619291454914,1291.5404226123142,2295.114294875855,7.701555284159733,2063.8418393314923,612.8329761986183
187.10589135459634,13.124844558555894,1294.8928511986587,2562.7685079775974,6.239332459661264,2779.232281144784,615.6119493718082
187.36791354145475,12.749294897205445,1295.0317740285434,2458.837105922318,8.152808469611774,2240.893477048778,615.6716434727372
187.53691422605328,13.124473292859756,1293.3484845894297,2389.8336812995026,7.874805917605381,1991.8289315810746,613.4811712837252
187.4260322701317,13.124571155204068,1295.0464385615312,2443.7099766575375,6.825592633572008,2294.730716749771,615.6786467902076
187.3319593688656,13.4999347107612,1291.4992803483851,2555.9625708431063,6.531100194707293,2590.4519152347593,612.8155456867956
187.07068143186368,11.782961604579276,1294.8689237169522,2562.727830690137,7.393212906008217,2914.6696974071133,615.6023306394864
187.22619145863905,12.937105253087037,1296.661967618851,2564.8830486279303,7.737342231299136,2829.4498781468837,616.2433437880699
186.70959660886558,13.125117433981492,1292.9976401476085,2560.4155032535996,8.680432405412535,2949.5499102316967,614.925934007593
187.14733402668625,13.68779327185973,1294.9044929385313,2562.794612529506,7.471318876516772,2862.3266351497696,615.6176638418387
187.09189994092407,13.124842454874083,1294.889129512422,2542.7289931982064,6.115342816248809,2709.104884230428,615.6104144430461
187.29057727117754,13.124683354650852,1296.7132140146998,2529.70559054333,8.14280511221262,2384.3421540539757,616.2656183802628
186.88673910119735,13.125006094431718,1293.07436896563,2560.559334360224,8.022497798178655,2945.849779238896,614.9590296041451
186.89870107620652,13.124994830260693,1294.806564574458,2562.607681521001,7.8973792342826306,2911.4823338155184,615.5744900956383
186.47379903540312,11.400318834874467,1287.653008123524,2557.2318264328046,7.721800219401842,2946.3974289027033,609.8221113947756
187.5928893434299,11.262434423733046,1295.153038421637,2207.565944547363,5.734509387293058,1822.847041839004,615.7248366404078
186.9499358919333,13.124950727168207,1298.2798951114096,2566.7190622808866,8.898372176427719,2876.069440821427,616.8094381086343
187.61184047895674,13.124430479657772,1295.135209883747,2423.950323125524,6.7006219779349765,2054.899082361095,615.7170328736972
186.46310734454534,12.31513882834806,1294.6246531408858,2562.2672212275884,8.876481489398811,2951.3819878466793,615.4958314476434
187.79855553025016,13.108906388863446,1293.5414287941207,2002.1715592533517,6.337815227215297,1594.7577159019957,615.1614660850234
187.07148783192272,13.124858830414329,1296.5999370487257,2564.7690866312355,7.018042295825394,2781.21846842252,616.2166907155431
187.47160895480744,13.124483534120722,1283.6447053299673,2510.014350428469,6.624073652509219,2317.2374720836556,608.7388171882591
186.8309570035859,13.12503406531687,1294.7725635522931,2562.543532833139,9.010453455118341,2949.3139102897085,615.5599131369983
187.50999963256,13.124473019211464,1296.8383599707427,2314.949681159617,7.40700628132818,1873.8552700805935,616.3198342598042
187.48800779932483,13.124506264743442,1295.0938657411928,2345.8269971223026,7.725224194309694,2053.2630994785973,615.6990440385756
186.077526710805,13.125535258779689,1294.4724568317745,2561.983227306797,10.012135655650122,2951.0909972628288,615.4298153559167
186.76926927962458,13.125079269945756,1294.7503052060717,2562.5022525410104,8.714391339584164,2951.6208969875947,615.5501929618223
187.72909483061366,13.124281227482482,1295.2282143741668,2077.593738991934,5.945420485457254,1691.3456057380595,615.7572520180897
187.7154325580626,13.124341536806206,1295.1982531944072,2311.1948194423085,5.880682477155726,1876.3197266017496,615.744191785128
186.380094018505,13.125337368191225,1294.593979620951,2562.2102481618895,9.165627272959703,2951.3227788042223,615.4824640445256
186.0878339618424,12.968537041117662,1294.4739322822143,2561.9856805856434,10.364384047215376,2951.094546292288,615.4305323250896
187.86969072246833,13.124154429199237,1295.298970912151,1971.4026782512885,6.096736479457423,1533.4035936806488,615.7879857589421
186.23277171978899,13.12542885398586,1296.258061643263,2564.131078467569,9.418483018809598,2953.2264944711396,616.0684920748838
187.61243721186494,12.20007329027378,1295.129055692135,2474.542018782533,6.55114529452992,2107.496644168738,615.7143673449328
186.59110542402618,13.12520160955165,1294.6814162339117,2562.3739103990406,8.858299277063677,2951.488826613169,615.5202681839112
188.0717779009914,13.123867190386857,1243.1641448708344,1456.7638151553483,5.854909589817978,1210.5140217091634,615.8628762003461
186.17997275526952,13.125472272703915,1294.5162718300708,2562.0654050258263,8.201635287002471,2951.173855363087,615.4487199247827
187.76874448436612,13.124227595926904,1295.2594969315446,1963.518428103861,6.624750324920899,1623.1528270054364,615.7708061220623
186.93229766591045,13.500248245020517,1294.813676776707,2562.6233038614555,8.325535253587763,2938.371395238315,615.5781474265432
186.75243805738745,13.125076688284745,1294.7654943987197,2521.319269935596,6.92537058898926,2725.3331373550127,615.5565425490784
186.14086811156722,13.12549405984198,1294.4979247808685,2562.030806725568,9.510230829977644,2951.139576916962,615.4408482471397
186.08818261496413,13.125528276802841,1294.4767294476246,2561.9912072062825,9.836261459581895,2951.0991440279463,615.4316665852976
187.21928996206506,13.124738077839721,1294.9550272317147,2529.8587404516625,8.354778041818822,2461.063665566898,615.6388911605859
186.84503344382276,12.374315564013612,1294.787423423638,2562.5662604970344,8.755251856878067,2918.5594025196274,615.5652761910102
186.60278014120624,13.125189760197685,1294.6834379063632,2562.3773576684107,9.239455921029956,2951.493388396786,615.5212220630535
186.8923189460456,13.125000839429553,1294.8027856074298,2562.6006287191694,8.180112250754258,2942.475672543033,615.5728523181136
186.62837546726863,13.125177856760468,1294.6964093647596,2562.4019179763204,7.067350120281867,2951.517424332095,615.5267627633744
184.20591450472014,12.932317847950003,1186.0945695746252,1983.5728261072384,6.663157220383266,1715.470920857587,563.9318973315043
187.63501724699697,13.124388179441707,1295.169509850214,2267.373530024264,5.436030886365237,1958.6441798704507,615.7317396290108
186.66173390747016,13.500496310798505,1294.7044025980906,2562.419203146715,10.064090975467561,2951.535159114471,615.5308045029839
187.91666282448034,13.124109823705897,1295.3303088232506,1901.0584084803495,5.736457544132901,1493.5353659107031,615.8014854150572
187.5836310999144,13.1243913025934,1295.1619518801635,2112.2788237718514,6.500380077365412,1857.3920080504513,615.7285425212546
186.59409555492283,13.125196562681614,1294.6799374649377,2562.3708117620604,7.804584754993486,2951.4867070123514,615.5197049967476
186.79331648458754,13.12506342105238,1294.7599624357763,2562.5202981685024,9.117285825937032,2951.63932086987,615.5543770108518
186.69704877580924,13.125134553896999,1294.7266346239328,2562.45868715167,8.466373246054017,2951.5743325577046,615.5397821334342
186.6809781048257,11.80766698345042,1294.7096009672255,2562.4255350829353,6.965822437669886,2951.5446692095384,615.5327097488005
187.8176698224062,13.12420900488891,1295.2714824072452,2029.733820872703,5.784530604563326,1622.20074410957,615.7759983739131
187.21261337171055,13.124759426915658,1292.6162733859605,2558.21123289145,8.298411316065742,2615.2450117889694,613.7413185657414
187.83989207022012,13.12412301173187,1275.7976570490046,1759.6854060987987,6.094235114018854,1508.6827908754371,615.7973964963536
187.15788066252384,12.819700971247045,1290.5722488093854,2550.7765552565843,6.599405095535604,2930.4942784098234,613.9016098295148
187.59239607841928,13.124463853569043,1295.1207056996038,2481.2118555924467,5.9910041501853,2174.1488596170975,615.710671498515
187.1910430019013,13.124774536621679,1294.928644058724,2562.8350683858603,8.439441783968626,2671.413431829605,615.627537332375
186.6527146946618,13.125153212472119,1294.7008362276913,2562.409519513487,9.36373757673783,2951.527268211296,615.5288371861966
186.56490841140004,13.125216454773058,1294.668225536333,2562.3489388459825,7.470901295703092,2951.4643785341186,615.5146300594439
186.8258706857979,13.125019413434734,1294.776325750302,2560.0453385738574,8.960324357469183,2758.4836814702694,615.5616204503777
187.23598196855866,13.687724091346638,1294.9365450252049,2562.8541186918596,6.064275322331409,2886.102823554615,615.6316263195127
186.94468007041837,13.12494714070006,1294.8291806151537,2562.649582784527,8.784236436883273,2751.4381756731045,615.58436637561
186.60680497156284,11.626739275952342,1294.6824341856122,2562.375141468665,5.964512353458067,2951.4921756915387,615.5208625104324
187.24945628264345,13.124730790781394,1294.960734240769,2544.162045201281,7.294181775749107,2583.540412120067,615.6413614989198
186.82593115400402,13.12504042142717,1294.7735199760223,2562.5456325866885,9.143126456901243,2941.740384780456,615.5602499430146
186.58447761916975,13.12520225173544,1294.6760435127878,2562.3635408752566,9.195228438576686,2951.479280253733,615.5180191557806
187.64019319085452,11.927404481151598,1295.1685251304857,2270.262028629311,5.474110577064754,1800.8174930641553,615.7314675618529
187.01472671048475,12.92886626139654,1294.8505851656193,2562.6935869184294,9.830185530778845,2810.641418695148,615.5943883170868
187.69517652506684,13.124346445842711,1295.19040908781,2254.258818978372,5.79707937088951,1916.6815388329208,615.7408711100043
186.86104335494232,13.125015588893136,1294.7890793782005,2562.574685128738,7.9121894786080444,2904.652335530267,615.5669913579853
186.2297759174451,11.19374321004369,1294.7218326688103,2382.496996104322,7.74202782851752,2053.4210434571155,615.5400975360714
186.46260760223947,13.12527843085271,1294.624459880256,2562.2668848762187,9.730874496127967,2951.381645684947,615.4957476485089
187.6644668634643,13.12432594498367,1295.2013793280146,2068.747747386413,5.869263625638172,1775.3878670482281,615.7456248344073
187.28940995863542,13.124676882863772,1294.9865455929355,2519.304654978627,8.53217079987002,2337.1436903098065,615.6526245166383
187.56126295519746,13.124444292692687,1295.13100271893,2312.0908606729217,7.254896926410692,1928.0066325756072,615.7151337725651
186.87454373500395,13.125005696173897,1296.5201910614346,2564.6205557941503,9.156090913871234,2925.730581811704,616.1820045879285
187.00059254607413,12.30327711921903,1294.8466788348157,2562.684632570045,9.127018913883749,2741.6961439345905,615.59252426574
186.25733791598321,13.1254216391831,1294.5473521306926,2562.12345699861,7.4066300078453216,2951.233124395703,615.4621850671949
186.99533702233222,13.124913954107482,1294.8403346374926,2562.669746421609,9.044394678361764,2839.7013892220157,615.5893530777612
187.562275675722,13.12450965511628,1295.0940554753656,2527.485745039349,5.783774329493626,2431.884162601461,615.6991232955435
186.80148828758362,13.125057135561585,1294.7635439366168,2562.5269916428774,8.98009645246994,2944.9054570671374,615.5559282916666
187.7602357294491,13.124265525266479,1291.7860650001335,2101.0291679230295,6.151420884132264,1674.3880198464065,614.5359261987892
186.67805656919876,12.937478818574387,1294.7229518518013,2562.4508272573903,7.276969321176566,2951.5657392811595,615.5378602031748
187.66055318700566,13.124307562467024,1295.2295501524106,1992.7166809426967,6.279067682390603,1549.7834237638954,615.7575240779977
186.17390156614758,13.125472405289912,1294.5111721124115,2562.0555435466263,9.035024252650356,2951.164830510444,615.4465881007653
186.92403551665905,13.124975301652366,1296.5442119896034,2564.665810127397,6.916883816654015,2887.5108874365283,616.1923307496098
187.7465638790975,13.124263894231762,1295.2384401525019,2046.1088346339968,6.133123608720878,1715.4250263718081,615.761682284588
187.64019247446723,13.12437336284432,1295.168512620626,2270.262029104575,6.671152813572537,1800.817493649676,615.7314625354403
187.87245639162958,12.255865084816358,1297.0263784812696,1973.4449738095238,5.704998312164314,1535.4282734515446,616.4017937873134
186.80153979643885,12.490563842889896,1285.2864625869877,2531.033081352629,9.353210238257718,2907.816188408796,611.7371116786009
187.05673858590941,13.124870824931039,1296.6011415876171,2564.771768004781,8.635125476250373,2733.9606882213375,616.217077209369
186.8254553535823,13.500324239247703,1294.7707498805694,2562.543130408346,9.313302360856781,2939.827491562786,615.5595482563836
186.28574125239788,13.12539885213633,1294.5560689174852,2562.1394237629656,9.557038549788244,2951.250467713307,615.4660400815247
187.913309943627,13.124029797845823,1262.6448860356354,1638.0959779835775,6.1250839424053805,1413.9426095736487,615.8210922842966
187.62815203242164,13.124363084564358,1295.1788160651904,2151.6158288168663,7.488955281306689,1756.5367966908998,615.7358507397959
187.23178782892046,13.124740246120469,1294.9540692562823,2558.098031851408,8.141419824917591,2545.6075366285136,615.638475215785
186.70114618483217,13.125125347147057,1294.7230043063973,2562.451268040078,7.834427099918986,2951.568852145947,615.5383624647515
186.34720307899076,13.12535907899712,1294.5807892542075,2562.185598879807,8.208697790270223,2951.297614021286,615.4767488189217
187.1758051049712,13.124782078877347,1294.9239707141567,2562.757434414731,8.748539993899685,2643.4021603015667,615.6255124217469
186.7055617359231,13.125120173418859,1294.7221434919666,2562.4493335147936,7.612963003504135,2951.567926894227,615.5380652577479
186.96007156207477,13.124946734049438,1294.8305281992978,2562.6521135024514,8.072156911702407,2865.7037782438547,615.5849489210884
186.26575742097157,13.125412347153064,1294.5480617285175,2562.124474751737,9.482650560917312,2951.2352079949505,615.4625702074145
186.70512038123513,13.125123059184483,1294.7245855367885,2562.4542103581666,7.1596414193836075,2951.571855514313,615.5390475926503
187.32237913446238,13.124653523716038,1295.0057486646792,2500.8942256404493,7.992306504855855,2294.6865719499883,615.660865945089
186.4198327762739,12.98635750591548,1293.5369209269743,2555.896490584209,8.69050123301039,2941.914520763311,614.9946873891364
184.6314292742411,13.11963367318144,1153.6728644406246,1422.4670831531557,5.144349739359546,1165.74141665734,564.0659166119888
184.95981176214164,13.121993582645464,1186.2493453772775,2347.7728676989827,6.1481543317835525,2460.396794859665,563.9962558929179
186.8737334948767,12.200636524461801,1294.7869758108359,2562.5701407271827,7.858406742057048,2951.692301736364,615.5662340068258
187.97127064392464,12.840259925652472,1283.714533165581,1662.0957985477469,5.993044660524117,1326.5313535411603,614.7176903539942
187.56584718484567,13.1244967569691,1295.1013138680967,2522.6136532648384,6.266524122079069,2310.3875229266273,615.7022689397106
186.70207569663728,13.125123209032067,1296.449596373328,2564.4890536907665,8.07771140422589,2953.5909184895904,616.1513973202415
187.85808284392766,13.124185367535981,1297.0161753475986,2042.6230171898706,5.366272505851137,1607.549797332064,616.3968029893164
187.39627218364814,13.124602096192774,1295.0369713993662,2489.32462721313,7.853875732116973,2272.682381119839,615.6743931540641
186.88060663837487,13.12500204363122,1294.7968395808473,2562.5891861306372,8.980781549959744,2907.6149846803187,615.5703535845491
187.2613849676534,12.749372503352868,1294.967334208963,2552.892117582972,8.085559589286706,2582.022212208501,615.6437222175181
187.03147358280975,13.124907102475591,1296.5864114970364,2564.7445273070502,6.209143188316966,2915.3109867623757,616.2106162245329
186.627116535778,13.125174166112421,1296.41916062454,2564.4323234519707,7.024957031961498,2953.533009800857,616.1382095678736
187.18096315217534,12.707441180910854,1281.1148076368186,2544.5540293632885,7.5725765481056575,2658.7165488159976,610.7232536542217
187.16261558728306,13.124786511597812,1289.1093384463259,2545.991002527537,8.518937135841043,2550.5720109695985,610.8951645551917
187.31174485254914,13.12469847462427,1294.9712924350656,2562.9143597492352,6.989968800765738,2747.201739176342,615.6460891749704
187.86316211375132,13.124268289344508,1298.6918881448541,2456.5870806698367,5.59108891220496,2043.307566262842,616.9879685694935
186.75367660878243,13.125091548058313,1294.7440592272822,2562.490597749423,7.881063347008579,2951.6090047066236,615.5474850321973
